{
	"Version": 3,
	"Meta": {
		"Duration": 3.167,
		"Fps": 30.0,
		"Loop": true,
		"AreBeziersRestricted": true,
		"CurveCount": 25,
		"TotalSegmentCount": 84,
		"TotalPointCount": 219,
		"UserDataCount": 0,
		"TotalUserDataSize": 0
	},
	"Curves": [
		{
			"Target": "Parameter",
			"Id": "PARAM_ANGLE_X",
			"Segments": [
				0,
				0,
				1,
				0.178,
				0,
				0.356,
				-0.212,
				0.533,
				2,
				1,
				0.722,
				4.35,
				0.911,
				13,
				1.1,
				13,
				1,
				1.233,
				13,
				1.367,
				13,
				1.5,
				13,
				0,
				3.167,
				13
			]
		},
		{
			"Target": "Parameter",
			"Id": "PARAM_ANGLE_Y",
			"Segments": [
				0,
				0,
				1,
				0.178,
				0,
				0.356,
				9,
				0.533,
				9,
				1,
				0.722,
				9,
				0.911,
				1,
				1.1,
				1,
				1,
				1.233,
				1,
				1.367,
				1,
				1.5,
				1,
				1,
				1.667,
				1,
				1.833,
				13,
				2,
				13,
				1,
				2.167,
				13,
				2.333,
				-7,
				2.5,
				-7,
				0,
				3.167,
				-7
			]
		},
		{
			"Target": "Parameter",
			"Id": "PARAM_ANGLE_Z",
			"Segments": [
				0,
				0,
				1,
				0.178,
				0,
				0.356,
				0,
				0.533,
				0,
				1,
				0.722,
				0,
				0.911,
				5,
				1.1,
				5,
				1,
				1.233,
				5,
				1.367,
				5,
				1.5,
				5,
				1,
				1.833,
				5,
				2.167,
				-22,
				2.5,
				-22,
				0,
				3.167,
				-22
			]
		},
		{
			"Target": "Parameter",
			"Id": "PARAM_EYE_L_OPEN",
			"Segments": [
				0,
				1,
				1,
				0.5,
				1,
				1,
				1,
				1.5,
				1,
				1,
				1.533,
				1,
				1.567,
				0,
				1.6,
				0,
				1,
				1.667,
				0,
				1.733,
				0.95,
				1.8,
				0.95,
				0,
				3.167,
				0.95
			]
		},
		{
			"Target": "Parameter",
			"Id": "PARAM_EYE_R_OPEN",
			"Segments": [
				0,
				1,
				1,
				0.5,
				1,
				1,
				1,
				1.5,
				1,
				1,
				1.533,
				1,
				1.567,
				0,
				1.6,
				0,
				1,
				1.667,
				0,
				1.733,
				0.96,
				1.8,
				0.96,
				0,
				3.167,
				0.96
			]
		},
		{
			"Target": "Parameter",
			"Id": "PARAM_EYE_BALL_X",
			"Segments": [
				0,
				0,
				1,
				0.178,
				0,
				0.356,
				-0.041,
				0.533,
				-0.08,
				1,
				0.722,
				-0.122,
				0.911,
				-0.13,
				1.1,
				-0.13,
				1,
				1.233,
				-0.13,
				1.367,
				-0.13,
				1.5,
				-0.13,
				1,
				1.833,
				-0.13,
				2.167,
				-0.13,
				2.5,
				-0.13,
				0,
				3.167,
				-0.13
			]
		},
		{
			"Target": "Parameter",
			"Id": "PARAM_EYE_BALL_Y",
			"Segments": [
				0,
				0,
				1,
				0.178,
				0,
				0.356,
				-0.33,
				0.533,
				-0.33,
				1,
				0.722,
				-0.33,
				0.911,
				-0.13,
				1.1,
				-0.13,
				1,
				1.233,
				-0.13,
				1.367,
				-0.13,
				1.5,
				-0.13,
				1,
				1.667,
				-0.13,
				1.833,
				-0.47,
				2,
				-0.47,
				1,
				2.167,
				-0.47,
				2.333,
				0.06,
				2.5,
				0.06,
				0,
				3.167,
				0.06
			]
		},
		{
			"Target": "Parameter",
			"Id": "PARAM_BROW_L_Y",
			"Segments": [
				0,
				0,
				1,
				0.6,
				0,
				1.2,
				-0.33,
				1.8,
				-0.33,
				0,
				3.167,
				-0.33
			]
		},
		{
			"Target": "Parameter",
			"Id": "PARAM_BROW_R_Y",
			"Segments": [
				0,
				0,
				1,
				0.6,
				0,
				1.2,
				-0.42,
				1.8,
				-0.42,
				0,
				3.167,
				-0.42
			]
		},
		{
			"Target": "Parameter",
			"Id": "PARAM_BROW_L_X",
			"Segments": [
				0,
				0,
				1,
				0.6,
				0,
				1.2,
				-0.47,
				1.8,
				-0.47,
				0,
				3.167,
				-0.47
			]
		},
		{
			"Target": "Parameter",
			"Id": "PARAM_BROW_R_X",
			"Segments": [
				0,
				0,
				1,
				0.6,
				0,
				1.2,
				-0.6,
				1.8,
				-0.6,
				0,
				3.167,
				-0.6
			]
		},
		{
			"Target": "Parameter",
			"Id": "PARAM_BROW_L_ANGLE",
			"Segments": [
				0,
				0,
				1,
				0.367,
				0,
				0.733,
				0,
				1.1,
				0,
				1,
				1.233,
				0,
				1.367,
				0,
				1.5,
				0,
				1,
				1.6,
				0,
				1.7,
				0.68,
				1.8,
				0.68,
				0,
				3.167,
				0.68
			]
		},
		{
			"Target": "Parameter",
			"Id": "PARAM_BROW_R_ANGLE",
			"Segments": [
				0,
				0,
				1,
				0.367,
				0,
				0.733,
				0,
				1.1,
				0,
				1,
				1.233,
				0,
				1.367,
				0,
				1.5,
				0,
				1,
				1.6,
				0,
				1.7,
				0.79,
				1.8,
				0.79,
				0,
				3.167,
				0.79
			]
		},
		{
			"Target": "Parameter",
			"Id": "PARAM_BROW_L_FORM",
			"Segments": [
				0,
				-1,
				0,
				3.167,
				-1
			]
		},
		{
			"Target": "Parameter",
			"Id": "PARAM_BROW_R_FORM",
			"Segments": [
				0,
				-1,
				0,
				3.167,
				-1
			]
		},
		{
			"Target": "Parameter",
			"Id": "PARAM_MOUTH_FORM",
			"Segments": [
				0,
				0,
				0,
				3.167,
				0
			]
		},
		{
			"Target": "Parameter",
			"Id": "PARAM_MOUTH_OPEN_Y",
			"Segments": [
				0,
				0,
				0,
				0.133,
				0,
				1,
				0.244,
				0.001,
				0.356,
				0.32,
				0.467,
				0.322,
				1,
				0.489,
				0.318,
				0.511,
				0.082,
				0.533,
				0.078,
				0,
				0.667,
				0.078,
				1,
				0.733,
				0.075,
				0.8,
				0.505,
				0.867,
				0.502,
				1,
				1,
				0.5,
				1.133,
				0.01,
				1.267,
				0.008,
				0,
				1.467,
				0.008,
				1,
				1.556,
				0.009,
				1.644,
				0.375,
				1.733,
				0.376,
				1,
				1.756,
				0.373,
				1.778,
				0.137,
				1.8,
				0.133,
				1,
				1.822,
				0.134,
				1.844,
				0.187,
				1.867,
				0.188,
				1,
				1.889,
				0.186,
				1.911,
				0.072,
				1.933,
				0.071,
				1,
				2.067,
				0.073,
				2.2,
				0.664,
				2.333,
				0.667,
				1,
				2.422,
				0.664,
				2.511,
				0.003,
				2.6,
				0,
				0,
				3.1,
				0,
				0,
				3.167,
				0
			]
		},
		{
			"Target": "Parameter",
			"Id": "PARAM_TERE",
			"Segments": [
				0,
				0,
				0,
				3.167,
				0
			]
		},
		{
			"Target": "Parameter",
			"Id": "PARAM_ARM_R",
			"Segments": [
				0,
				10,
				1,
				0.5,
				10,
				1,
				10,
				1.5,
				10,
				1,
				1.756,
				10,
				2.011,
				-10,
				2.267,
				-10,
				0,
				3.167,
				-10
			]
		},
		{
			"Target": "Parameter",
			"Id": "PARAM_BODY_ANGLE_X",
			"Segments": [
				0,
				10,
				1,
				0.367,
				10,
				0.733,
				10,
				1.1,
				10,
				1,
				1.233,
				10,
				1.367,
				10,
				1.5,
				10,
				1,
				1.833,
				10,
				2.167,
				-7,
				2.5,
				-7,
				0,
				3.167,
				-7
			]
		},
		{
			"Target": "Parameter",
			"Id": "PARAM_BODY_ANGLE_Z",
			"Segments": [
				0,
				0,
				1,
				0.367,
				0,
				0.733,
				-2,
				1.1,
				-2,
				1,
				1.233,
				-2,
				1.367,
				-2,
				1.5,
				-2,
				1,
				1.833,
				-2,
				2.167,
				5,
				2.5,
				5,
				0,
				3.167,
				5
			]
		},
		{
			"Target": "Parameter",
			"Id": "PARAM_BREATH",
			"Segments": [
				0,
				0,
				0,
				3.167,
				0
			]
		},
		{
			"Target": "Parameter",
			"Id": "PARAM_HAIR_FRONT",
			"Segments": [
				0,
				0,
				0,
				3.167,
				0
			]
		},
		{
			"Target": "Parameter",
			"Id": "PARAM_HAIR_BACK",
			"Segments": [
				0,
				0,
				0,
				3.167,
				0
			]
		},
		{
			"Target": "Parameter",
			"Id": "PARAM_RIBBON",
			"Segments": [
				0,
				0,
				0,
				3.167,
				0
			]
		}
	]
}