{
	"Type": "Live2D Expression",
	"Parameters": [
		{
			"Id": "PARAM_EYE_L_OPEN",
			"Value": -1,
			"Blend": "Add"
		},
		{
			"Id": "PARAM_EYE_L_SMILE",
			"Value": 1,
			"Blend": "Add"
		},
		{
			"Id": "PARAM_EYE_R_OPEN",
			"Value": -1,
			"Blend": "Add"
		},
		{
			"Id": "PARAM_EYE_R_SMILE",
			"Value": 1,
			"Blend": "Add"
		},
		{
			"Id": "PARAM_BROW_L_ANGLE",
			"Value": 0.48,
			"Blend": "Add"
		},
		{
			"Id": "PARAM_BROW_R_ANGLE",
			"Value": 0.46,
			"Blend": "Add"
		},
		{
			"Id": "PARAM_MOUTH_FORM",
			"Value": 0,
			"Blend": "Add"
		}
	]
}